party,vote_share
Reform UK,0.33273820401712223
Conservative,0.20867995344314397
Labour,0.17462846652442338
Green,0.1359000269281385
Liberal Democrat,0.1247487863777373
Other,0.02330456270943454
